<?xml version="1.0" encoding="UTF-8" ?>
<!DOCTYPE configuration
  PUBLIC "-//mybatis.org//DTD Config 3.0//EN"
  "http://mybatis.org/dtd/mybatis-3-config.dtd">
<configuration>
	<settings>
		<setting name="cacheEnabled" value="true" />
		<setting name="jdbcTypeForNull" value="NULL" />
		<setting name="mapUnderscoreToCamelCase" value="true"/>
	</settings>
	<environments default="development">
		<environment id="development">
			<transactionManager type="JDBC" />
			<dataSource type="POOLED">
				<!-- <property name="driver" value="com.mysql.jdbc.Driver" />
				<property name="url" value="jdbc:mysql://localhost:3306/mybatis" />
				<property name="username" value="root" />
				<property name="password" value="root" /> -->
				<property name="driver" value="oracle.jdbc.OracleDriver" />
				<property name="url" value="jdbc:oracle:thin:@192.168.100.252:1521:zssd" />
				<property name="username" value="cktsfk" />
				<property name="password" value="cktsfk" />
			</dataSource>
		</environment>
	</environments>
	<mappers>
		<package name="liyu.test.mybatis.mapper"/>
	</mappers>
</configuration>