<?xml version="1.0" encoding="UTF-8"?>
<!DOCTYPE generatorConfiguration
  PUBLIC "-//mybatis.org//DTD MyBatis Generator Configuration 1.0//EN"
  "http://mybatis.org/dtd/mybatis-generator-config_1_0.dtd">

<generatorConfiguration>
    <context id="testTables" targetRuntime="MyBatis3">
        <commentGenerator>
            <property name="suppressAllComments" value="false" />
        </commentGenerator>
        <!--数据库连接-->
        <jdbcConnection driverClass="com.mysql.jdbc.Driver"
            connectionURL="jdbc:mysql://localhost:3306/mybatis?characterEncoding=utf-8" 
            userId="root" password="root">
        </jdbcConnection>
   
        <javaTypeResolver>
            <property name="forceBigDecimals" value="false" />
        </javaTypeResolver>

        <javaModelGenerator targetPackage="com.iot.ssm.po" targetProject=".\src">
            <property name="enableSubPackages" value="false" />
            <property name="trimStrings" value="true" />
        </javaModelGenerator>
        
        <sqlMapGenerator targetPackage="com.iot.ssm.mapper" targetProject=".\src">
            <property name="enableSubPackages" value="false" />
        </sqlMapGenerator>
        
        <javaClientGenerator type="XMLMAPPER" targetPackage="com.iot.ssm.mapper" targetProject=".\src">
            <property name="enableSubPackages" value="false" />
        </javaClientGenerator>
        <!-- 指定数据库表 -->
        <table tableName="blog" schema="Blog" />
    </context>
</generatorConfiguration>