<?xml version="1.0" encoding="UTF-8"?>
<BGDITEMLIST>
  <BGD_INFO>
    <BGD_NO>010120170000372251</BGD_NO>
    <UNICODE>000000001299138199</UNICODE>
    <REGIST_HG>
    </REGIST_HG>
    <SBDHG>机场单证</SBDHG>
    <HGCODE>
    </HGCODE>
    <HGNAME>机场单证</HGNAME>
    <CONTRACT_NO>R16-00903</CONTRACT_NO>
    <LJ_DATE>20170705</LJ_DATE>
    <SB_DATE>20170705</SB_DATE>
    <DELIVER_NO>28869622044_3504313234</DELIVER_NO>
    <TRANS_TYPE>
    </TRANS_TYPE>
    <TRANS_NAME>
    </TRANS_NAME>
    <TRANS_TOOLS>
    </TRANS_TOOLS>
    <CY>
    </CY>
    <HXD_NO>
    </HXD_NO>
    <C_QUANS>
    </C_QUANS>
    <SETWAY>
    </SETWAY>
    <SETNAME>
    </SETNAME>
    <DWCODE>1105910738</DWCODE>
    <DWNAME>北京紫竹医药经营有限公司</DWNAME>
    <QYXZ>
    </QYXZ>
    <FHDWBH>1105910738</FHDWBH>
    <FHDWMC>北京紫竹医药经营有限公司</FHDWMC>
    <SBDWBM>1105980017</SBDWBM>
    <SBDWMC>中外运-敦豪国际航空快件有限公司</SBDWMC>
    <HYDBM>秦皇岛经济技术开发区</HYDBM>
    <HYDMC>
    </HYDMC>
    <GBCODE>
    </GBCODE>
    <GBNAME>泰国</GBNAME>
    <NSDW>
    </NSDW>
    <MYCODE>
    </MYCODE>
    <MYNAME>一般贸易</MYNAME>
    <ZYG>
    </ZYG>
    <ZYGNAME>曼谷</ZYGNAME>
    <MYFS>CIF</MYFS>
    <ZMXZ>
    </ZMXZ>
    <ZMXZMC>
    </ZMXZMC>
    <YFBZ>总价</YFBZ>
    <T_TYPE>人民币</T_TYPE>
    <T_RATE>13.5</T_RATE>
    <T_AMT>0</T_AMT>
    <CON_QUANS>
    </CON_QUANS>
    <S_CERTS>
    </S_CERTS>
    <BF_RATE>0.3</BF_RATE>
    <B_SIGN>率</B_SIGN>
    <BXBZ>
    </BXBZ>
    <BF_AMT>0</BF_AMT>
    <ZF_SIGN>
    </ZF_SIGN>
    <ZF_RATE>0</ZF_RATE>
    <ZFBZ>
    </ZFBZ>
    <ZF_AMT>0</ZF_AMT>
    <PACK_TYPE>纸箱</PACK_TYPE>
    <PACK_NAME>
    </PACK_NAME>
    <JS>1</JS>
    <GROSSWEIGHT>1</GROSSWEIGHT>
    <NETWEIGHT>1</NETWEIGHT>
    <FJ>
    </FJ>
    <TS_SIGN>000</TS_SIGN>
    <BZ>
    </BZ>
    <LXBZ>E</LXBZ>
    <JZX_NO>
    </JZX_NO>
    <MDD>
    </MDD>
    <MDGJMC>
    </MDGJMC>
    <CJBZ>
    </CJBZ>
    <BZMC>
    </BZMC>
    <CJ_RATE>
    </CJ_RATE>
    <SHOPITEMLIST>
      <GOODINFO>
        <BGD_NO>010120170000372251</BGD_NO>
        <SORTNO>1</SORTNO>
        <BA_NO>
        </BA_NO>
        <CMCODE>2937290090</CMCODE>
        <ADD_NUM>90</ADD_NUM>
        <CMNAME>去氧孕烯</CMNAME>
        <DCMNAME>
        </DCMNAME>
        <MT_TYPE>成分含量：去氧孕烯100%|用途：用于甾体激素类医药化</MT_TYPE>
        <FDDWSL>0.5</FDDWSL>
        <FDDW>千克</FDDW>
        <FDDWMC>
        </FDDWMC>
        <S_NUM>0</S_NUM>
        <S_DW>
        </S_DW>
        <S_DWMC>
        </S_DWMC>
        <CJ_NUM>
        </CJ_NUM>
        <CJDW>
        </CJDW>
        <CJDWMC>
        </CJDWMC>
        <PRICE>57500</PRICE>
        <CJJE>28750</CJJE>
        <AMER_RATE>
        </AMER_RATE>
        <FOB>28662.00</FOB>
        <FACNAME>
        </FACNAME>
        <ZMFS>
        </ZMFS>
        <ZMFSMC>
        </ZMFSMC>
        <CMNO>
        </CMNO>
        <VERSIONS>
        </VERSIONS>
      </GOODINFO>
    </SHOPITEMLIST>
  </BGD_INFO>
</BGDITEMLIST>