<?xml version="1.0" encoding="UTF-8"?>  
<configuration>  
    <include resource="org/springframework/boot/logging/logback/base.xml"/>  
	<appender name="CONSOLE" class="ch.qos.logback.core.ConsoleAppender">
		<encoder>
			<pattern>%date %-5level %logger{0}{%L} - %message%n</pattern>
			<charset>utf8</charset>
		</encoder>
	</appender>
	<logger name="org.mybatis.spring.mapper" level="INFO">
		<appender-ref ref="CONSOLE"/>  
	</logger>
    <logger name="liyu.test.springboot" level="INFO" additivity="false">  
        <appender-ref ref="CONSOLE"/>  
        <appender-ref ref="FILE"/>  
    </logger>  
 </configuration>  