<?xml version="1.0" encoding="UTF-8"?>  
<!-- status=debug 可以查看log4j的装配过程 -->  
<configuration status="off" monitorInterval="1800">
    <properties>  
        <property name="LOG_HOME">ireport</property>
        <property name="APP_NAME">liyulog4j</property>
    </properties>  
    <appenders>  
        <!-- 定义控制台输出 -->  
        <Console name="Console" target="SYSTEM_OUT" follow="true">  
            <PatternLayout pattern="%date{yyyy-MM-dd HH:mm:ss.SSS} %level [%thread][%file:%line] - %msg%n" />  
        </Console>  
        <!-- 程序员调试日志 -->  
        <RollingRandomAccessFile name="DevLog" fileName="${LOG_HOME}/${APP_NAME}.log"  
            filePattern="${LOG_HOME}/${APP_NAME}.%d{yyyy-MM-dd-HH}.log">  
            <PatternLayout pattern="%date{yyyy-MM-dd HH:mm:ss.SSS} %level [%thread][%file:%line] - %msg%n" />  
            <Policies>  
                <TimeBasedTriggeringPolicy interval="1" modulate="true" />  
            </Policies>  
        </RollingRandomAccessFile>  
    </appenders>  
    <loggers>   
		<logger name="net.sf" level="debug"></logger>
        <logger name="liyu.test" level="debug" additivity="false">
            <appender-ref ref="DevLog" />   
        </logger>

        <!-- Root Logger -->  
        <root level="debug">
            <appender-ref ref="DevLog" />  
            <appender-ref ref="Console" />  
        </root>  
    </loggers>  
</configuration>