<beans xmlns="http://www.springframework.org/schema/beans"
    xmlns:xsi="http://www.w3.org/2001/XMLSchema-instance" xmlns:p="http://www.springframework.org/schema/p"
    xmlns:context="http://www.springframework.org/schema/context"
    xmlns:mvc="http://www.springframework.org/schema/mvc"
    xsi:schemaLocation="http://www.springframework.org/schema/beans    
                        http://www.springframework.org/schema/beans/spring-beans-3.1.xsd    
                        http://www.springframework.org/schema/context    
                        http://www.springframework.org/schema/context/spring-context-3.1.xsd    
                        http://www.springframework.org/schema/mvc    
                        http://www.springframework.org/schema/mvc/spring-mvc-4.0.xsd">

    <!-- 缓存管理器 使用Ehcache实现 -->
    <bean id="cacheManager" class="org.apache.shiro.cache.ehcache.EhCacheManager">
        <property name="cacheManagerConfigFile" value="classpath:ehcache.xml" />
    </bean>

    <!-- 凭证匹配器,需要用户表中的密码实现相同的加密，采用MD5，盐值为2 -->
    <!-- 
    <bean id="credentialsMatcher" class="liyu.test.shiro.config.RetryLimitHashedCredentialsMatcher">
        <constructor-arg ref="cacheManager" />
        <property name="hashAlgorithmName" value="md5" />
        <property name="hashIterations" value="2" />
        <property name="storedCredentialsHexEncoded" value="true" />
    </bean>
     -->

    <!-- Realm实现 -->
    <bean id="userRealm" class="liyu.test.shiro.config.UserRealm">
		<!-- <property name="credentialsMatcher" ref="credentialsMatcher" /> -->
    </bean>

    <!-- 安全管理器 -->
    <bean id="securityManager" class="org.apache.shiro.web.mgt.DefaultWebSecurityManager">
        <property name="realm" ref="userRealm" />
    </bean>

    <!-- Shiro的Web过滤器 -->
    <bean id="shiroFilter" class="org.apache.shiro.spring.web.ShiroFilterFactoryBean">
        <property name="securityManager" ref="securityManager" />
        <property name="loginUrl" value="/" />
        <property name="unauthorizedUrl" value="/" />
        <property name="filterChainDefinitions">
            <value>
                /login.jsp = anon
                /login = anon
                /static/** = anon
                
                /** = authc
            </value>
        </property>
    </bean>

    <bean id="lifecycleBeanPostProcessor" class="org.apache.shiro.spring.LifecycleBeanPostProcessor" />
</beans>