<?xml version="1.0" encoding="UTF-8"?>
<beans xmlns="http://www.springframework.org/schema/beans"
    xmlns:xsi="http://www.w3.org/2001/XMLSchema-instance" xmlns:p="http://www.springframework.org/schema/p"
    xmlns:beabs="http://www.springframework.org/schema/beans"
    xsi:schemaLocation="http://www.springframework.org/schema/beans  http://www.springframework.org/schema/beans/spring-beans-3.2.xsd ">
	<!-- 引入配置文件 -->
	<bean id="propertyConfigurer"
		class="org.springframework.beans.factory.config.PropertyPlaceholderConfigurer">
		<property name="location" value="classpath:jdbc.mysql.properties" />
	</bean>
	
	<bean id="dataSource" class="org.apache.commons.dbcp.BasicDataSource"
		destroy-method="close">
		<property name="driverClassName" value="${driver}" />
		<property name="url" value="${url}" />
		<property name="username" value="${username}" />
		<property name="password" value="${password}" />
		<!-- 初始化连接大小 -->
		<property name="initialSize" value="${initialSize}"></property>
		<!-- 连接池最大数量 -->
		<property name="maxActive" value="${maxActive}"></property>
		<!-- 连接池最大空闲 -->
		<property name="maxIdle" value="${maxIdle}"></property>
		<!-- 连接池最小空闲 -->
		<property name="minIdle" value="${minIdle}"></property>
		<!-- 获取连接最大等待时间 -->
		<property name="maxWait" value="${maxWait}"></property>
	</bean>
    <bean id="activitiTransactionManager"
        class="org.springframework.jdbc.datasource.DataSourceTransactionManager"
        p:dataSource-ref="dataSource" />

	<bean id="myProcessDiagramGenerator" class="liyu.test.activity.util.MyProcessDiagramGenerator"/>

    <bean id="processEngineConfiguration" class="org.activiti.spring.SpringProcessEngineConfiguration">
        <property name="dataSource" ref="dataSource" />
        <property name="transactionManager" ref="activitiTransactionManager" />
        <property name="databaseSchemaUpdate" value="false" />
        <property name="dbIdentityUsed" value="false" />
        <property name="jobExecutorActivate" value="false" />
        <property name="processDiagramGenerator" ref="myProcessDiagramGenerator"/>
    </bean>

    <bean id="processEngine" class="org.activiti.spring.ProcessEngineFactoryBean">
        <property name="processEngineConfiguration" ref="processEngineConfiguration" />
    </bean>

    <bean id="repositoryService" factory-bean="processEngine"
        factory-method="getRepositoryService" />

    <bean id="runtimeService" factory-bean="processEngine"
        factory-method="getRuntimeService" />

    <bean id="formService" factory-bean="processEngine"
        factory-method="getFormService" />

    <bean id="identityService" factory-bean="processEngine"
        factory-method="getIdentityService" />

    <bean id="taskService" factory-bean="processEngine"
        factory-method="getTaskService" />

    <bean id="historyService" factory-bean="processEngine"
        factory-method="getHistoryService" />

    <bean id="managementService" factory-bean="processEngine"
        factory-method="getManagementService" />
</beans>